{"stats":{"minecraft:killed_by":{"minecraft:cave_spider":1,"minecraft:spider":1},"minecraft:dropped":{"alexsmobs:animal_dictionary":1,"minecraft:birch_sapling":3,"minecraft:rotten_flesh":2,"minecraft:dirt":5,"minecraft:diorite":4,"minecraft:oak_sapling":17,"gravestone:obituary":5,"minecraft:spider_eye":1,"minecraft:arrow":2,"minecraft:string":1},"minecraft:used":{"minecraft:diorite":22,"minecraft:stone_pickaxe":132,"minecraft:oak_planks":21,"minecraft:wooden_pickaxe":42,"minecraft:cooked_chicken":1,"minecraft:torch":11,"minecraft:golden_apple":1,"minecraft:mutton":1,"minecraft:crafting_table":13,"caves_and_cliffs_mod:cobbled_deepslate":4,"minecraft:white_bed":1,"minecraft:granite":16,"minecraft:spruce_log":19,"minecraft:oak_log":52,"minecraft:apple":7,"minecraft:iron_pickaxe":456,"minecraft:gravel":1,"minecraft:stone_axe":45,"minecraft:diamond_sword":101,"minecraft:cobblestone":94,"minecraft:furnace":4,"minecraft:porkchop":4,"minecraft:andesite":10,"minecraft:cooked_beef":5},"minecraft:crafted":{"minecraft:cooked_beef":22,"minecraft:oak_planks":228,"minecraft:diamond_sword":1,"minecraft:crafting_table":3,"minecraft:cooked_chicken":1,"minecraft:wooden_pickaxe":1,"minecraft:furnace":2,"minecraft:stone_axe":1,"minecraft:air":0,"minecraft:diamond_helmet":1,"minecraft:diamond_leggings":1,"minecraft:diamond_pickaxe":2,"minecraft:stick":20,"minecraft:iron_ingot":14,"minecraft:stone_pickaxe":1,"minecraft:iron_pickaxe":3,"minecraft:diamond_boots":1,"minecraft:white_bed":1,"minecraft:torch":8,"minecraft:diamond_chestplate":1},"minecraft:custom":{"minecraft:interact_with_furnace":12,"minecraft:mob_kills":44,"minecraft:interact_with_crafting_table":33,"minecraft:play_one_minute":150515,"minecraft:leave_game":6,"minecraft:time_since_death":69167,"minecraft:climb_one_cm":201,"minecraft:time_since_rest":69204,"minecraft:sprint_one_cm":195589,"minecraft:damage_absorbed":40,"minecraft:damage_taken":1713,"minecraft:walk_one_cm":220058,"minecraft:drop":15,"minecraft:damage_dealt":5465,"minecraft:swim_one_cm":11642,"minecraft:fly_one_cm":195988,"minecraft:open_chest":2,"minecraft:crouch_one_cm":7735,"minecraft:deaths":4,"minecraft:sneak_time":4828,"minecraft:walk_under_water_one_cm":3105,"minecraft:jump":1311,"minecraft:walk_on_water_one_cm":32481,"minecraft:fall_one_cm":27942},"minecraft:killed":{"minecraft:cave_spider":4,"minecraft:pig":5,"minecraft:spider":3,"minecraft:sheep":7,"minecraft:skeleton":7,"minecraft:zombie":1,"minecraft:chicken":1,"caves_and_cliffs_mod:goat":1,"minecraft:cow":15},"minecraft:mined":{"minecraft:diamond_ore":37,"minecraft:mossy_cobblestone":1,"minecraft:crafting_table":11,"minecraft:torch":4,"gravestone:gravestone":4,"minecraft:granite":18,"minecraft:grass_block":5,"caves_and_cliffs_mod:deepslate":4,"iceandfire:frozen_splinters":3,"minecraft:tall_grass":1,"minecraft:cobblestone":6,"minecraft:oak_planks":17,"minecraft:diorite":27,"minecraft:wall_torch":2,"minecraft:redstone_ore":2,"caves_and_cliffs_mod:tuff":1,"minecraft:furnace":2,"minecraft:iron_ore":20,"minecraft:fire":1,"minecraft:spruce_log":19,"minecraft:birch_leaves":2,"minecraft:andesite":10,"minecraft:oak_log":57,"minecraft:coal_ore":23,"minecraft:gravel":21,"minecraft:dirt":15,"minecraft:cobweb":17,"minecraft:stone":428,"minecraft:gold_ore":4,"minecraft:oak_leaves":7},"minecraft:picked_up":{"minecraft:crafting_table":11,"minecraft:chicken":1,"minecraft:andesite":10,"minecraft:leather":16,"minecraft:flint":2,"minecraft:oak_log":57,"gravestone:obituary":2,"minecraft:dirt":27,"iceandfire:frozen_splinters":3,"minecraft:string":23,"minecraft:bone":10,"minecraft:apple":7,"minecraft:bow":1,"minecraft:iron_ingot":3,"minecraft:beef":22,"caves_and_cliffs_mod:cobbled_deepslate":4,"minecraft:iron_ore":22,"minecraft:birch_sapling":3,"minecraft:oak_planks":29,"minecraft:furnace":2,"minecraft:egg":1,"minecraft:stick":8,"minecraft:torch":5,"minecraft:gravel":19,"minecraft:porkchop":11,"minecraft:spruce_sapling":3,"minecraft:diorite":26,"minecraft:spruce_log":14,"minecraft:redstone":8,"minecraft:gold_ore":4,"minecraft:spider_eye":1,"minecraft:mossy_cobblestone":1,"minecraft:arrow":12,"minecraft:rotten_flesh":2,"caves_and_cliffs_mod:tuff":1,"minecraft:diamond":45,"minecraft:granite":18,"minecraft:oak_sapling":18,"minecraft:mutton":15,"minecraft:coal":43,"minecraft:white_wool":7,"minecraft:cobblestone":408},"minecraft:broken":{"minecraft:stone_pickaxe":1,"minecraft:iron_pickaxe":1}},"DataVersion":2586}