{"stats":{"minecraft:mined":{"minecraft:grass":1,"minecraft:oak_log":5,"minecraft:oak_leaves":6},"minecraft:crafted":{"minecraft:oak_planks":16,"minecraft:crafting_table":1},"minecraft:picked_up":{"minecraft:crafting_table":1,"minecraft:arrow":4,"minecraft:oak_log":5,"minecraft:oak_planks":10},"minecraft:killed_by":{"minecraft:skeleton":1},"minecraft:used":{"minecraft:oak_log":1,"minecraft:oak_planks":2},"minecraft:killed":{"minecraft:wolf":1,"minecraft:zombie":1},"minecraft:custom":{"minecraft:time_since_rest":543,"minecraft:play_one_minute":3664,"minecraft:deaths":1,"minecraft:sprint_one_cm":7296,"minecraft:damage_taken":380,"minecraft:walk_one_cm":6292,"minecraft:mob_kills":2,"minecraft:jump":91,"minecraft:damage_dealt":288,"minecraft:leave_game":1,"minecraft:time_since_death":515,"minecraft:fall_one_cm":3522,"minecraft:fly_one_cm":10912}},"DataVersion":2586}