{"stats":{"minecraft:killed":{"minecraft:skeleton":1,"minecraft:wolf":1,"minecraft:zombie":1,"minecraft:zombie_villager":1,"caves_and_cliffs_mod:goat":2},"minecraft:killed_by":{"minecraft:zombie_villager":1,"minecraft:skeleton":1,"minecraft:spider":2},"minecraft:custom":{"minecraft:time_since_rest":912,"minecraft:sprint_one_cm":67619,"minecraft:damage_taken":1400,"minecraft:walk_one_cm":35381,"minecraft:mob_kills":6,"minecraft:drop":7,"minecraft:damage_dealt":1340,"minecraft:interact_with_crafting_table":8,"minecraft:fly_one_cm":95574,"minecraft:player_kills":1,"minecraft:crouch_one_cm":2459,"minecraft:play_one_minute":27977,"minecraft:deaths":5,"minecraft:sneak_time":596,"minecraft:jump":483,"minecraft:leave_game":4,"minecraft:walk_on_water_one_cm":142,"minecraft:time_since_death":884,"minecraft:fall_one_cm":16836},"minecraft:picked_up":{"minecraft:birch_log":39,"minecraft:crafting_table":1,"minecraft:stick":20,"minecraft:lilac":1,"minecraft:birch_planks":1,"minecraft:oak_log":57,"gravestone:obituary":3,"minecraft:dirt":1,"minecraft:arrow":5,"minecraft:bone":2,"minecraft:apple":4,"minecraft:oak_sapling":10,"minecraft:mutton":2,"minecraft:birch_sapling":16,"minecraft:oak_planks":18,"minecraft:cobblestone":18},"minecraft:mined":{"minecraft:birch_sapling":6,"minecraft:birch_planks":1,"minecraft:birch_log":39,"minecraft:lilac":1,"gravestone:gravestone":3,"minecraft:grass":4,"minecraft:grass_block":2,"minecraft:oak_log":57,"minecraft:stone":16,"minecraft:oak_leaves":16},"minecraft:broken":{"minecraft:wooden_axe":1},"minecraft:used":{"minecraft:oak_log":46,"minecraft:wooden_axe":24,"minecraft:stone_sword":21,"minecraft:apple":4,"minecraft:birch_planks":1,"minecraft:stone_pickaxe":12,"minecraft:birch_sapling":6,"minecraft:oak_planks":16,"minecraft:wooden_pickaxe":4,"minecraft:crafting_table":2,"minecraft:birch_log":39},"minecraft:dropped":{"gravestone:obituary":7},"minecraft:crafted":{"minecraft:oak_planks":224,"minecraft:crafting_table":34,"minecraft:stick":8,"minecraft:wooden_pickaxe":1,"minecraft:stone_pickaxe":1,"minecraft:wooden_axe":2,"minecraft:stone_sword":1,"minecraft:birch_planks":156}},"DataVersion":2586}