{"stats":{"minecraft:custom":{"minecraft:time_since_rest":24520,"minecraft:sprint_one_cm":19351,"minecraft:damage_taken":924,"minecraft:walk_one_cm":18424,"minecraft:drop":18,"minecraft:damage_dealt":85,"minecraft:swim_one_cm":2207,"minecraft:interact_with_crafting_table":21,"minecraft:fly_one_cm":14853,"minecraft:open_chest":2,"minecraft:play_one_minute":44087,"minecraft:crouch_one_cm":4204,"minecraft:deaths":3,"minecraft:sneak_time":1073,"minecraft:walk_under_water_one_cm":4659,"minecraft:boat_one_cm":1637,"minecraft:jump":86,"minecraft:leave_game":4,"minecraft:time_since_death":24333,"minecraft:walk_on_water_one_cm":2890,"minecraft:climb_one_cm":644,"minecraft:fall_one_cm":3085},"minecraft:dropped":{"minecraft:dirt":6,"alexsmobs:animal_dictionary":4,"minecraft:birch_sapling":1,"gravestone:obituary":3,"minecraft:arrow":2,"minecraft:wooden_pickaxe":1,"minecraft:birch_log":1},"minecraft:used":{"minecraft:stone_pickaxe":8,"minecraft:oak_planks":4,"minecraft:wooden_pickaxe":17,"minecraft:iron_sword":2,"minecraft:dirt":7,"minecraft:bow":2,"minecraft:crafting_table":3,"alexsmobs:animal_dictionary":1,"minecraft:oak_boat":1},"minecraft:crafted":{"minecraft:oak_planks":20,"minecraft:crafting_table":1,"minecraft:stick":8,"minecraft:wooden_pickaxe":2,"minecraft:stone_pickaxe":1,"minecraft:furnace":1},"minecraft:killed_by":{"minecraft:piglin_brute":1,"iceandfire:sea_serpent":1},"minecraft:picked_up":{"minecraft:birch_log":1,"minecraft:stick":2,"minecraft:crafting_table":1,"minecraft:wooden_pickaxe":1,"minecraft:oak_log":5,"minecraft:dirt":21,"alexsmobs:animal_dictionary":2,"minecraft:oak_boat":1,"minecraft:oak_sapling":2,"minecraft:birch_sapling":1,"minecraft:oak_planks":4,"minecraft:cobblestone":14},"minecraft:mined":{"minecraft:birch_log":1,"minecraft:birch_leaves":3,"minecraft:crafting_table":1,"gravestone:gravestone":2,"minecraft:grass":2,"minecraft:grass_block":10,"minecraft:oak_log":5,"minecraft:dirt":12,"minecraft:stone":14,"minecraft:oak_planks":4,"minecraft:oak_leaves":2}},"DataVersion":2586}