{"stats":{"minecraft:mined":{"minecraft:diamond_ore":36,"minecraft:white_bed":1,"minecraft:crafting_table":11,"gravestone:gravestone":5,"minecraft:granite":3,"minecraft:grass_block":14,"minecraft:mushroom_stem":1,"minecraft:cobblestone":16,"minecraft:spruce_leaves":3,"minecraft:sugar_cane":4,"minecraft:diorite":18,"minecraft:redstone_ore":8,"caves_and_cliffs_mod:tuff":6,"minecraft:furnace":1,"minecraft:iron_ore":41,"minecraft:sweet_berry_bush":1,"minecraft:andesite":2,"minecraft:gold_block":1,"minecraft:grass":1,"minecraft:oak_log":18,"minecraft:coal_ore":36,"minecraft:gravel":15,"minecraft:dirt":20,"minecraft:stone":716,"minecraft:oak_leaves":4},"minecraft:killed":{"minecraft:pig":2,"minecraft:phantom":2,"minecraft:sheep":4,"minecraft:zombie":1,"goblintraders:goblin_trader":1},"minecraft:killed_by":{"minecraft:player":2,"minecraft:piglin_brute":2,"minecraft:creeper":1},"minecraft:broken":{"minecraft:stone_pickaxe":1,"minecraft:iron_pickaxe":2},"minecraft:picked_up":{"minecraft:crafting_table":11,"minecraft:andesite":1,"minecraft:diamond_sword":1,"minecraft:gold_block":1,"minecraft:oak_log":18,"minecraft:lily_pad":2,"gravestone:obituary":3,"minecraft:dirt":27,"minecraft:apple":4,"minecraft:kelp":11,"minecraft:wheat_seeds":1,"minecraft:iron_ingot":21,"minecraft:iron_ore":40,"minecraft:iron_pickaxe":1,"minecraft:furnace":1,"minecraft:stick":7,"minecraft:sweet_berries":9,"minecraft:gravel":15,"minecraft:porkchop":4,"minecraft:diorite":18,"minecraft:white_bed":1,"minecraft:redstone":22,"alexsmobs:animal_dictionary":1,"minecraft:stone_sword":1,"minecraft:rotten_flesh":2,"caves_and_cliffs_mod:tuff":6,"minecraft:diamond":34,"minecraft:granite":3,"minecraft:oak_sapling":3,"minecraft:mutton":4,"minecraft:coal":30,"minecraft:white_wool":4,"minecraft:cobblestone":693},"minecraft:used":{"minecraft:diorite":2,"minecraft:stone_sword":2,"minecraft:stone_pickaxe":220,"minecraft:wooden_pickaxe":40,"minecraft:shield":2,"minecraft:rotten_flesh":2,"minecraft:dirt":16,"minecraft:mutton":4,"minecraft:crafting_table":12,"minecraft:white_bed":1,"minecraft:diamond_pickaxe":152,"minecraft:apple":8,"minecraft:iron_pickaxe":500,"minecraft:diamond_sword":56,"minecraft:cobblestone":152,"minecraft:sweet_berries":10,"minecraft:furnace":1,"minecraft:porkchop":4,"minecraft:bucket":1,"minecraft:andesite":1,"minecraft:oak_boat":1},"minecraft:dropped":{"minecraft:kelp":5,"minecraft:stone_sword":1,"minecraft:diamond_sword":1,"minecraft:dirt":11,"gravestone:obituary":5,"minecraft:iron_pickaxe":1},"minecraft:custom":{"minecraft:interact_with_furnace":4,"minecraft:mob_kills":10,"minecraft:interact_with_crafting_table":21,"minecraft:open_barrel":2,"goblintraders:trade_with_goblin":9,"minecraft:play_one_minute":178983,"minecraft:leave_game":9,"minecraft:time_since_death":3377,"minecraft:climb_one_cm":905,"minecraft:time_since_rest":3405,"minecraft:sprint_one_cm":199304,"minecraft:damage_taken":1909,"minecraft:walk_one_cm":285730,"minecraft:drop":14,"minecraft:damage_dealt":1769,"minecraft:swim_one_cm":8171,"minecraft:fly_one_cm":142143,"minecraft:open_chest":2,"minecraft:crouch_one_cm":9739,"minecraft:deaths":6,"minecraft:sneak_time":7574,"minecraft:walk_under_water_one_cm":7165,"minecraft:boat_one_cm":208255,"minecraft:jump":1446,"minecraft:walk_on_water_one_cm":11030,"minecraft:fall_one_cm":32185},"minecraft:crafted":{"minecraft:oak_planks":52,"minecraft:diamond_sword":1,"minecraft:emerald":1,"minecraft:diamond_axe":1,"minecraft:crafting_table":2,"minecraft:wooden_pickaxe":1,"minecraft:furnace":1,"minecraft:bucket":1,"minecraft:oak_boat":1,"minecraft:diamond_helmet":1,"minecraft:diamond_leggings":1,"minecraft:diamond_pickaxe":1,"minecraft:shield":1,"minecraft:stick":16,"minecraft:iron_ingot":27,"minecraft:iron_pickaxe":2,"minecraft:stone_pickaxe":2,"minecraft:stone_sword":1,"minecraft:diamond_boots":1,"minecraft:white_bed":1,"minecraft:diamond_chestplate":1}},"DataVersion":2586}