{"stats":{"minecraft:mined":{"minecraft:diamond_ore":42,"minecraft:smoker":2,"minecraft:cobblestone_stairs":1,"minecraft:crafting_table":5,"gravestone:gravestone":12,"minecraft:granite":10,"minecraft:grass_block":6,"minecraft:tall_grass":4,"minecraft:cobblestone":1,"minecraft:spruce_leaves":10,"minecraft:lapis_ore":2,"minecraft:damaged_anvil":1,"minecraft:diorite":12,"minecraft:spawner":2,"minecraft:large_fern":1,"minecraft:redstone_ore":17,"minecraft:furnace":1,"minecraft:iron_ore":35,"minecraft:sweet_berry_bush":15,"minecraft:white_carpet":1,"minecraft:birch_leaves":1,"minecraft:andesite":7,"minecraft:stripped_spruce_log":1,"minecraft:grass":2,"minecraft:oak_log":18,"minecraft:coal_ore":58,"minecraft:purple_carpet":2,"minecraft:dirt":10,"minecraft:cracked_stone_bricks":2,"minecraft:stone":379,"minecraft:stone_bricks":2,"minecraft:gold_ore":19,"minecraft:netherrack":1,"minecraft:mossy_stone_bricks":1},"minecraft:killed":{"minecraft:pig":1,"iceandfire:gorgon":1,"minecraft:sheep":6,"minecraft:skeleton":1,"minecraft:zombie":4,"alexsmobs:crow":1,"minecraft:piglin_brute":6,"minecraft:cow":4},"minecraft:broken":{"minecraft:iron_pickaxe":1},"minecraft:killed_by":{"iceandfire:gorgon":4,"minecraft:piglin_brute":2,"minecraft:skeleton":2,"iceandfire:hippogryph":3},"minecraft:picked_up":{"minecraft:crafting_table":5,"minecraft:andesite":7,"minecraft:leather":3,"minecraft:smoker":2,"minecraft:potato":1,"minecraft:oak_log":18,"gravestone:obituary":2,"minecraft:lapis_lazuli":13,"minecraft:dirt":21,"minecraft:stone_bricks":2,"minecraft:cracked_stone_bricks":2,"minecraft:beef":10,"minecraft:oak_boat":3,"minecraft:iron_ore":47,"minecraft:mossy_stone_bricks":3,"minecraft:oak_planks":58,"minecraft:furnace":2,"minecraft:stick":4,"minecraft:sweet_berries":38,"minecraft:porkchop":1,"minecraft:diorite":12,"minecraft:redstone":68,"minecraft:gold_ore":19,"minecraft:arrow":2,"minecraft:rotten_flesh":5,"minecraft:diamond":42,"minecraft:granite":16,"iceandfire:gorgon_head":1,"minecraft:oak_sapling":5,"minecraft:damaged_anvil":1,"minecraft:black_wool":1,"minecraft:mutton":10,"minecraft:coal":115,"minecraft:white_wool":5,"minecraft:cobblestone":394},"minecraft:used":{"minecraft:cooked_mutton":6,"minecraft:mossy_stone_bricks":1,"minecraft:stone_pickaxe":59,"minecraft:wooden_pickaxe":6,"minecraft:diamond_axe":10,"minecraft:rotten_flesh":4,"minecraft:dirt":15,"minecraft:crafting_table":5,"minecraft:granite":4,"minecraft:smoker":1,"minecraft:oak_log":15,"minecraft:diamond_pickaxe":191,"minecraft:iron_pickaxe":342,"minecraft:stone_axe":5,"minecraft:diamond_sword":91,"minecraft:cobblestone":68,"minecraft:sweet_berries":25,"minecraft:furnace":1,"minecraft:andesite":2,"alexsmobs:animal_dictionary":1,"minecraft:oak_boat":2},"minecraft:dropped":{"minecraft:cobblestone":20,"minecraft:rotten_flesh":1,"minecraft:granite":6,"minecraft:dirt":6,"minecraft:andesite":5,"minecraft:mossy_stone_bricks":1,"gravestone:obituary":15,"minecraft:black_wool":1},"minecraft:custom":{"minecraft:interact_with_furnace":6,"minecraft:mob_kills":24,"minecraft:interact_with_crafting_table":10,"minecraft:open_barrel":2,"minecraft:play_one_minute":146967,"minecraft:leave_game":5,"minecraft:time_since_death":6838,"minecraft:climb_one_cm":4417,"minecraft:time_since_rest":7140,"minecraft:sprint_one_cm":189078,"minecraft:damage_taken":2147483647,"minecraft:walk_one_cm":125186,"minecraft:drop":23,"minecraft:damage_dealt":4652,"minecraft:damage_dealt_absorbed":40,"minecraft:swim_one_cm":11449,"minecraft:player_kills":1,"minecraft:fly_one_cm":302468,"minecraft:open_chest":10,"minecraft:crouch_one_cm":4058,"minecraft:deaths":13,"minecraft:sneak_time":1943,"minecraft:walk_under_water_one_cm":817,"minecraft:boat_one_cm":60617,"minecraft:jump":1590,"minecraft:interact_with_smoker":2,"minecraft:walk_on_water_one_cm":5993,"minecraft:fall_one_cm":57105},"minecraft:crafted":{"minecraft:oak_planks":72,"minecraft:diamond_sword":1,"minecraft:diamond_axe":1,"minecraft:crafting_table":1,"minecraft:wooden_pickaxe":1,"minecraft:furnace":1,"minecraft:stone_axe":1,"minecraft:cooked_mutton":6,"minecraft:air":0,"minecraft:oak_boat":1,"minecraft:diamond_helmet":1,"minecraft:diamond_leggings":1,"minecraft:diamond_pickaxe":1,"minecraft:stick":16,"minecraft:iron_ingot":6,"minecraft:iron_pickaxe":2,"minecraft:stone_pickaxe":1,"minecraft:diamond_boots":1,"minecraft:diamond_chestplate":1}},"DataVersion":2586}